temperature,mu_b,mu_s,mu_q,nb,ns,nq,epsilon,pressure,entropy
nan,9.300994234859000e+02,nan,nan,2.720000000000000e-14,nan,nan,2.529870421271000e-11,1.061041068531000e-19,nan
nan,9.363837940047000e+02,nan,nan,1.270000000000000e-13,nan,nan,1.189207382061000e-10,3.632505305205000e-18,nan
nan,9.308643992311000e+02,nan,nan,6.930000000000000e-13,nan,nan,6.450889100802000e-10,1.185869429534000e-16,nan
nan,9.303084180158000e+02,nan,nan,6.295000000000000e-12,nan,nan,5.856285409772000e-09,6.081637748096000e-15,nan
nan,9.303009587092999e+02,nan,nan,1.581000000000000e-11,nan,nan,1.470802714983000e-08,3.100736487330000e-14,nan
nan,9.302548490562000e+02,nan,nan,3.972000000000000e-11,nan,nan,3.694957087564000e-08,1.517288727999000e-13,nan
nan,9.300454296622000e+02,nan,nan,9.976000000000000e-11,nan,nan,9.278061367588000e-08,7.183872175758000e-13,nan
nan,9.302985210094000e+02,nan,nan,2.506000000000000e-10,nan,nan,2.331295226342000e-07,3.286730745225000e-12,nan
nan,9.304782468767000e+02,nan,nan,6.294000000000000e-10,nan,nan,5.856285409772000e-07,1.446760704032000e-11,nan
nan,9.303375079165000e+02,nan,nan,1.581000000000000e-09,nan,nan,1.470802714983000e-06,6.088503307952000e-11,nan
nan,9.304537100458000e+02,nan,nan,3.972000000000000e-09,nan,nan,3.695518034442000e-06,2.441018599426000e-10,nan
nan,9.304521396342000e+02,nan,nan,5.000000000000000e-09,nan,nan,4.651932461996000e-06,3.282361752590000e-10,nan
nan,9.306903047175000e+02,nan,nan,9.975999999999999e-09,nan,nan,9.283670836371999e-06,8.956434902010000e-10,nan
nan,9.308973999003000e+02,nan,nan,1.990000000000000e-08,nan,nan,1.852246592248000e-05,2.392335538634000e-09,nan
nan,9.308808730459000e+02,nan,nan,3.973000000000000e-08,nan,nan,3.697761821955000e-05,6.278866558482000e-09,nan
nan,9.308701381918000e+02,nan,nan,7.926000000000000e-08,nan,nan,7.376451450048000e-05,1.625265260267000e-08,nan
nan,9.316269656464000e+02,nan,nan,1.581000000000000e-07,nan,nan,1.472485555618000e-04,4.166770690301000e-08,nan
nan,9.314288337478000e+02,nan,nan,1.991000000000000e-07,nan,nan,1.853929432883000e-04,5.453751092248000e-08,nan
nan,9.315010844659000e+02,nan,nan,3.156000000000000e-07,nan,nan,2.938800695574000e-04,1.016727000374000e-07,nan
nan,9.317001512311000e+02,nan,nan,5.001000000000000e-07,nan,nan,4.657541930779000e-04,1.890525527400000e-07,nan
nan,9.323509258023000e+02,nan,nan,6.296000000000000e-07,nan,nan,5.867504347338000e-04,2.577081512920000e-07,nan
nan,9.323563131036000e+02,nan,nan,9.667000000000000e-07,nan,nan,9.008806865990000e-04,4.281612782424000e-07,nan
nan,9.323784032162999e+02,nan,nan,1.532000000000000e-06,nan,nan,1.427609805351000e-03,7.939083759830000e-07,nan
nan,9.327384017623000e+02,nan,nan,2.507000000000000e-06,nan,nan,2.336904695125000e-03,1.470478092623000e-06,nan
nan,9.331498703587000e+02,nan,nan,3.974000000000000e-06,nan,nan,3.705615078252000e-03,2.722506553489000e-06,nan
nan,9.334364949841000e+02,nan,nan,4.830000000000000e-06,nan,nan,4.504964379873000e-03,3.533890900012000e-06,nan
nan,9.333958362284000e+02,nan,nan,6.081000000000000e-06,nan,nan,5.671172939923000e-03,4.807140182249000e-06,nan
nan,9.338499787260000e+02,nan,nan,7.930000000000000e-06,nan,nan,7.398889325181000e-03,6.541006116590000e-06,nan
nan,9.343039140246000e+02,nan,nan,9.982000000000000e-06,nan,nan,9.317327649072000e-03,8.894020721508000e-06,nan
nan,9.340887107458000e+02,nan,nan,1.257000000000000e-05,nan,nan,1.172939922589000e-02,1.209586818125000e-05,nan
nan,9.345865110049000e+02,nan,nan,1.522000000000000e-05,nan,nan,1.420878442811000e-02,1.562226937960000e-05,nan
nan,9.350394175642000e+02,nan,nan,1.991000000000000e-05,nan,nan,1.859538901666000e-02,2.124578704282000e-05,nan
nan,9.350940560133999e+02,nan,nan,2.507000000000000e-05,nan,nan,2.341392270152000e-02,2.888528273624000e-05,nan
nan,9.361786625086000e+02,nan,nan,2.791000000000000e-05,nan,nan,2.609524877994000e-02,3.349769067532000e-05,nan
nan,9.365034596448000e+02,nan,nan,3.807000000000000e-05,nan,nan,3.560329836764000e-02,4.938834103108000e-05,nan
nan,9.369286033510000e+02,nan,nan,5.063000000000000e-05,nan,nan,4.736635440624000e-02,7.034078142554001e-05,nan
nan,9.375240466039000e+02,nan,nan,6.592000000000001e-05,nan,nan,6.170415661637000e-02,9.742853576333000e-05,nan
nan,9.381353252180000e+02,nan,nan,8.433000000000000e-05,nan,nan,7.898132046895000e-02,1.316315066783000e-04,nan
nan,9.386639527255001e+02,nan,nan,1.062000000000000e-04,nan,nan,9.951197621585001e-02,1.741355636000000e-04,nan
nan,9.388889284776000e+02,nan,nan,1.321000000000000e-04,nan,nan,1.238009760476000e-01,2.262514043191000e-04,nan
nan,9.392258159209000e+02,nan,nan,1.624000000000000e-04,nan,nan,1.522409827789000e-01,2.892897266259000e-04,nan
nan,9.394719741506000e+02,nan,nan,1.690000000000000e-04,nan,nan,1.584674931284000e-01,3.032705030583000e-04,nan
nan,9.393761094400001e+02,nan,nan,1.759000000000000e-04,nan,nan,1.649183822292000e-01,3.178754212957000e-04,nan
nan,9.391829105590000e+02,nan,nan,1.830000000000000e-04,nan,nan,1.715375553935000e-01,3.329172387967000e-04,nan
nan,9.396931024872000e+02,nan,nan,1.902000000000000e-04,nan,nan,1.783811073091000e-01,3.485207839221000e-04,nan
nan,9.395934716487000e+02,nan,nan,1.977000000000000e-04,nan,nan,1.853929432883000e-01,3.646860566721000e-04,nan
nan,9.396808483321000e+02,nan,nan,2.054000000000000e-04,nan,nan,1.926291580187000e-01,3.812882286856000e-04,nan
nan,9.397398537003000e+02,nan,nan,2.079000000000000e-04,nan,nan,1.949851349077000e-01,3.867806765697000e-04,nan
nan,9.397361939455000e+02,nan,nan,2.082000000000000e-04,nan,nan,1.952656083469000e-01,3.874672325552000e-04,nan
nan,9.394492496814000e+02,nan,nan,2.091000000000000e-04,nan,nan,1.960509339766000e-01,3.879041318187000e-04,nan
nan,9.398647194374000e+02,nan,nan,2.160000000000000e-04,nan,nan,2.026140124530000e-01,3.967669454500000e-04,nan
nan,9.396543278207000e+02,nan,nan,2.231000000000000e-04,nan,nan,2.092331856173000e-01,4.036949194857000e-04,nan
nan,9.399252107169000e+02,nan,nan,2.311000000000000e-04,nan,nan,2.168059684748000e-01,4.107477218824000e-04,nan
nan,9.400018381797000e+02,nan,nan,2.401000000000000e-04,nan,nan,2.252762663376000e-01,4.181750093621000e-04,nan
nan,9.396065883831000e+02,nan,nan,2.500000000000000e-04,nan,nan,2.344757951422000e-01,4.258519535638000e-04,nan
nan,9.397469066014000e+02,nan,nan,2.643000000000000e-04,nan,nan,2.479385202221000e-01,4.365871926102000e-04,nan
nan,9.400516690182000e+02,nan,nan,3.053000000000000e-04,nan,nan,2.865316654513000e-01,4.661090999875000e-04,nan
nan,9.400850385671999e+02,nan,nan,3.533000000000000e-04,nan,nan,3.316317944691000e-01,5.002496567220001e-04,nan
nan,9.401802467454000e+02,nan,nan,4.076000000000000e-04,nan,nan,3.826779603972000e-01,5.395081762576001e-04,nan
nan,9.402359361388000e+02,nan,nan,4.680000000000000e-04,nan,nan,4.394457844842000e-01,5.846336287605000e-04,nan
nan,9.404433510399000e+02,nan,nan,5.341000000000000e-04,nan,nan,5.016547932911000e-01,6.360004993134000e-04,nan
nan,9.408413126499000e+02,nan,nan,6.059000000000000e-04,nan,nan,5.693610815056001e-01,6.946698289851000e-04,nan
nan,9.405160194381000e+02,nan,nan,7.661000000000000e-04,nan,nan,7.196948448982000e-01,8.344775933092000e-04,nan
nan,9.407184836614000e+02,nan,nan,1.262000000000000e-03,nan,nan,1.185841700791000e+00,1.345025589814000e-03,nan
nan,9.415657870302000e+02,nan,nan,1.895000000000000e-03,nan,nan,1.782128232456000e+00,2.138933965797000e-03,nan
nan,9.420175213561999e+02,nan,nan,2.673000000000000e-03,nan,nan,2.514724855556000e+00,3.287979028835000e-03,nan
nan,9.426391066484000e+02,nan,nan,3.606000000000000e-03,nan,nan,3.394289560779000e+00,4.867057795531000e-03,nan
nan,9.430584291312000e+02,nan,nan,4.710000000000000e-03,nan,nan,4.434846020082000e+00,6.959181125952000e-03,nan
nan,9.438846745583000e+02,nan,nan,7.496000000000000e-03,nan,nan,7.062321198183000e+00,1.303832230683000e-02,nan
nan,9.445883475423000e+02,nan,nan,1.120000000000000e-02,nan,nan,1.055702025018000e+01,2.236924229185000e-02,nan
nan,9.460404233780000e+02,nan,nan,1.600000000000000e-02,nan,nan,1.510068996466000e+01,3.595680938709000e-02,nan
nan,9.472313023746000e+02,nan,nan,2.207000000000000e-02,nan,nan,2.085039546755000e+01,5.499937585819000e-02,nan
nan,9.480551994306001e+02,nan,nan,2.948000000000000e-02,nan,nan,2.786784091547000e+01,8.082636374983999e-02,nan
nan,9.497266550051000e+02,nan,nan,4.268000000000000e-02,nan,nan,4.039939417737000e+01,1.349394582449000e-01,nan
nan,9.516981393077000e+02,nan,nan,6.220000000000000e-02,nan,nan,5.895551691255000e+01,2.401073523905000e-01,nan
nan,9.526318273104999e+02,nan,nan,7.317000000000000e-02,nan,nan,6.938912884950000e+01,3.149419548121000e-01,nan
nan,9.526172425109000e+02,nan,nan,7.596000000000000e-02,nan,nan,7.202557917765000e+01,3.352265634752000e-01,nan
nan,9.564323778888000e+02,nan,nan,1.000000000000000e-01,nan,nan,9.502440118921000e+01,6.188365996753999e-01,nan
nan,9.660217931912000e+02,nan,nan,1.500000000000000e-01,nan,nan,1.430414539743000e+02,1.861815004369000e+00,nan
nan,9.800947557335001e+02,nan,nan,2.000000000000000e-01,nan,nan,1.916755483256000e+02,4.343402821121000e+00,nan
nan,9.985079471243999e+02,nan,nan,2.500000000000000e-01,nan,nan,2.410949683065000e+02,8.532018474597001e+00,nan
nan,1.021365988812000e+03,nan,nan,3.000000000000000e-01,nan,nan,2.915801873563000e+02,1.482960928723000e+01,nan
nan,1.048316497206000e+03,nan,nan,3.500000000000000e-01,nan,nan,3.432994895383000e+02,2.361128448383000e+01,nan
nan,1.079275146243000e+03,nan,nan,4.000000000000000e-01,nan,nan,3.964772536041000e+02,3.523280489327000e+01,nan
nan,1.114153478656000e+03,nan,nan,4.500000000000000e-01,nan,nan,4.513378583048000e+02,5.003120709025000e+01,nan
nan,1.152674041331000e+03,nan,nan,5.000000000000000e-01,nan,nan,5.079934930162000e+02,6.834352764948000e+01,nan
nan,1.194535444838000e+03,nan,nan,5.500000000000000e-01,nan,nan,5.665563471139000e+02,9.043814754712000e+01,nan
nan,1.240586100350000e+03,nan,nan,6.000000000000000e-01,nan,nan,6.276995568520000e+02,1.166521033579000e+02,nan
nan,1.288958574168000e+03,nan,nan,6.500000000000000e-01,nan,nan,6.905256072250000e+02,1.472974659843000e+02,nan
nan,1.341826881194000e+03,nan,nan,7.000000000000000e-01,nan,nan,7.567173388680000e+02,1.825614779678000e+02,nan
nan,1.397295309888000e+03,nan,nan,7.500000000000000e-01,nan,nan,8.251528580243000e+02,2.228186243915000e+02,nan
nan,1.455811574211000e+03,nan,nan,8.000000000000000e-01,nan,nan,8.963931115723000e+02,2.682561477968000e+02,nan
nan,1.517131534609000e+03,nan,nan,8.500000000000000e-01,nan,nan,9.704380995120000e+02,3.191237049058000e+02,nan
nan,1.581619229979000e+03,nan,nan,9.000000000000000e-01,nan,nan,1.047848768722000e+03,3.756085382599000e+02,nan
nan,1.649102987329000e+03,nan,nan,9.500000000000000e-01,nan,nan,1.128625119201000e+03,4.380227187617000e+02,nan
nan,1.719195811542000e+03,nan,nan,1.000000000000000e+00,nan,nan,1.212767150951000e+03,5.064286605917000e+02,nan
nan,1.792296982210000e+03,nan,nan,1.050000000000000e+00,nan,nan,1.300835810849000e+03,5.810760204719001e+02,nan
nan,1.867713279219000e+03,nan,nan,1.100000000000000e+00,nan,nan,1.392270152017000e+03,6.622144551242000e+02,nan
nan,1.945413416660000e+03,nan,nan,1.150000000000000e+00,nan,nan,1.487631121333000e+03,7.495943078266999e+02,nan
nan,2.025632032652000e+03,nan,nan,1.200000000000000e+00,nan,nan,1.586918718797000e+03,8.438397203845000e+02,nan
nan,2.108066909766000e+03,nan,nan,1.250000000000000e+00,nan,nan,1.690132944410000e+03,9.449506927974001e+02,nan
nan,2.193373932246000e+03,nan,nan,1.300000000000000e+00,nan,nan,1.797834745050000e+03,1.053551366871000e+03,nan
nan,2.279893802097000e+03,nan,nan,1.350000000000000e+00,nan,nan,1.909463173837000e+03,1.168393458994000e+03,nan
nan,2.368788878878000e+03,nan,nan,1.400000000000000e+00,nan,nan,2.025579177652000e+03,1.290725252777000e+03,nan
nan,2.459383008903000e+03,nan,nan,1.450000000000000e+00,nan,nan,2.146182756493000e+03,1.419922606416000e+03,nan
nan,2.552712440506000e+03,nan,nan,1.500000000000000e+00,nan,nan,2.271834857239000e+03,1.557233803520000e+03,nan
nan,2.647345221607000e+03,nan,nan,1.550000000000000e+00,nan,nan,2.401974533012000e+03,1.701410560479000e+03,nan
nan,2.660560706514000e+03,nan,nan,1.557000000000000e+00,nan,nan,2.420485779997000e+03,1.722007240045000e+03,nan
nan,2.679525417973000e+03,nan,nan,1.567000000000000e+00,nan,nan,2.446850283278000e+03,1.751966046686000e+03,nan
nan,2.699001096113000e+03,nan,nan,1.577000000000000e+00,nan,nan,2.473775733438000e+03,1.782548995132000e+03,nan
nan,2.718231334074000e+03,nan,nan,1.587000000000000e+00,nan,nan,2.500701183598000e+03,1.813131943578000e+03,nan
nan,2.737571992899000e+03,nan,nan,1.597000000000000e+00,nan,nan,2.528187580636000e+03,1.843714892023000e+03,nan
nan,2.757060335998000e+03,nan,nan,1.607000000000000e+00,nan,nan,2.555673977674000e+03,1.874921982274000e+03,nan
nan,2.776307635892000e+03,nan,nan,1.617000000000000e+00,nan,nan,2.583160374713000e+03,1.906129072525000e+03,nan
nan,2.796046726005000e+03,nan,nan,1.627000000000000e+00,nan,nan,2.611207718629000e+03,1.937960304581000e+03,nan
nan,2.815925926077000e+03,nan,nan,1.637000000000000e+00,nan,nan,2.639255062546000e+03,1.970415678442000e+03,nan
nan,2.835904314295000e+03,nan,nan,1.647000000000000e+00,nan,nan,2.667863353340000e+03,2.002871052303000e+03,nan
nan,2.855303031636000e+03,nan,nan,1.657000000000000e+00,nan,nan,2.695910697257000e+03,2.035326426164000e+03,nan
nan,2.875179921945000e+03,nan,nan,1.667000000000000e+00,nan,nan,2.724518988052000e+03,2.068405941830000e+03,nan
nan,2.895154253561000e+03,nan,nan,1.677000000000000e+00,nan,nan,2.753688225725000e+03,2.101485457496000e+03,nan
nan,2.915261753625000e+03,nan,nan,1.687000000000000e+00,nan,nan,2.782857463398000e+03,2.135189114967000e+03,nan
nan,2.935132276670000e+03,nan,nan,1.697000000000000e+00,nan,nan,2.812026701071000e+03,2.168892772438000e+03,nan
nan,2.955135624170000e+03,nan,nan,1.707000000000000e+00,nan,nan,2.841195938745000e+03,2.203220571714000e+03,nan
nan,2.975596177106000e+03,nan,nan,1.717000000000000e+00,nan,nan,2.870926123296000e+03,2.238172512795000e+03,nan
nan,2.995819780963000e+03,nan,nan,1.727000000000000e+00,nan,nan,2.900656307848000e+03,2.273124453876000e+03,nan
nan,3.016133468183000e+03,nan,nan,1.737000000000000e+00,nan,nan,2.930947439278000e+03,2.308076394957000e+03,nan
nan,3.036571865226000e+03,nan,nan,1.747000000000000e+00,nan,nan,2.961238570707000e+03,2.343652477843000e+03,nan
nan,3.056777611193000e+03,nan,nan,1.757000000000000e+00,nan,nan,2.991529702137000e+03,2.379228560729000e+03,nan
nan,3.077425334389000e+03,nan,nan,1.767000000000000e+00,nan,nan,3.022381780445000e+03,2.415428785420000e+03,nan
nan,3.097840669029000e+03,nan,nan,1.777000000000000e+00,nan,nan,3.053233858754000e+03,2.451629010111000e+03,nan
nan,3.118376784370000e+03,nan,nan,1.787000000000000e+00,nan,nan,3.084085937062000e+03,2.488453376607000e+03,nan
nan,3.139343821456000e+03,nan,nan,1.797000000000000e+00,nan,nan,3.115498962248000e+03,2.525901884908000e+03,nan
nan,3.160078793937000e+03,nan,nan,1.807000000000000e+00,nan,nan,3.146911987435000e+03,2.563350393209000e+03,nan
nan,3.180894254821000e+03,nan,nan,1.817000000000000e+00,nan,nan,3.178885959500000e+03,2.600798901510000e+03,nan
nan,3.201823471911000e+03,nan,nan,1.827000000000000e+00,nan,nan,3.210859931564000e+03,2.638871551617000e+03,nan
nan,3.222864587456000e+03,nan,nan,1.837000000000000e+00,nan,nan,3.242833903629000e+03,2.677568343528000e+03,nan
nan,3.243339940080000e+03,nan,nan,1.847000000000000e+00,nan,nan,3.274807875694000e+03,2.715640993634000e+03,nan
nan,3.264569047920000e+03,nan,nan,1.857000000000000e+00,nan,nan,3.307342794637000e+03,2.754961927350000e+03,nan
nan,3.285871195246000e+03,nan,nan,1.867000000000000e+00,nan,nan,3.340438660459000e+03,2.794282861066000e+03,nan
nan,3.307278882721000e+03,nan,nan,1.877000000000000e+00,nan,nan,3.373534526280000e+03,2.834227936587000e+03,nan
nan,3.328459673667000e+03,nan,nan,1.887000000000000e+00,nan,nan,3.406630392102000e+03,2.874173012108000e+03,nan
nan,3.349417156327000e+03,nan,nan,1.897000000000000e+00,nan,nan,3.439726257923000e+03,2.914118087630000e+03,nan
nan,3.370776285044000e+03,nan,nan,1.907000000000000e+00,nan,nan,3.473383070623000e+03,2.954687304956000e+03,nan
nan,3.392530774277000e+03,nan,nan,1.917000000000000e+00,nan,nan,3.507600830201000e+03,2.995880664087000e+03,nan
nan,3.413768378889000e+03,nan,nan,1.927000000000000e+00,nan,nan,3.541257642901000e+03,3.037074023218000e+03,nan
nan,3.435398516589000e+03,nan,nan,1.937000000000000e+00,nan,nan,3.575475402479000e+03,3.078891524154000e+03,nan
nan,3.457094573203000e+03,nan,nan,1.947000000000000e+00,nan,nan,3.610254108936000e+03,3.120709025091000e+03,nan
nan,3.478887829956000e+03,nan,nan,1.957000000000000e+00,nan,nan,3.645032815392000e+03,3.163150667832000e+03,nan
nan,3.500459497927000e+03,nan,nan,1.967000000000000e+00,nan,nan,3.679811521849000e+03,3.205592310573000e+03,nan
nan,3.522128641085000e+03,nan,nan,1.977000000000000e+00,nan,nan,3.714590228305000e+03,3.248658095119000e+03,nan
nan,3.543861983546000e+03,nan,nan,1.987000000000000e+00,nan,nan,3.749929881640000e+03,3.291723879665000e+03,nan
nan,3.565971100586000e+03,nan,nan,1.997000000000000e+00,nan,nan,3.785830481853000e+03,3.335413806017000e+03,nan
